CREATE TABLE ALLUSERS 
(
  ALLUSERID NUMBER NOT NULL 
, CONSTRAINT ALLUSERS_PK PRIMARY KEY 
  (
    ALLUSERID 
  )
  USING INDEX 
  (
      CREATE UNIQUE INDEX ALLUSERS_PK ON ALLUSERS (ALLUSERID ASC) 
      LOGGING 
      TABLESPACE USERS 
      PCTFREE 10 
      INITRANS 2 
      STORAGE 
      ( 
        INITIAL 65536 
        NEXT 1048576 
        MINEXTENTS 1 
        MAXEXTENTS UNLIMITED 
        BUFFER_POOL DEFAULT 
      ) 
      NOPARALLEL 
  )
  ENABLE 
) 
LOGGING 
TABLESPACE USERS 
PCTFREE 10 
INITRANS 1 
STORAGE 
( 
  INITIAL 65536 
  NEXT 1048576 
  MINEXTENTS 1 
  MAXEXTENTS UNLIMITED 
  BUFFER_POOL DEFAULT 
) 
NOCOMPRESS;



CREATE TABLE LINKEDINUSER 
(
  USERID NUMBER NOT NULL 
, NAME VARCHAR2(30 BYTE) NOT NULL 
, EMAIL VARCHAR2(20 BYTE) 
, COUNTRY VARCHAR2(20 BYTE) 
, ZIP VARCHAR2(6 BYTE) 
, REGDATE DATE 
, STATUS VARCHAR2(20 BYTE) 
, REGTIME DATE 
, CONSTRAINT LINKEDINUSER_PK PRIMARY KEY 
  (
    USERID 
  )
  USING INDEX 
  (
      CREATE UNIQUE INDEX LINKEDINUSER_PK ON LINKEDINUSER (USERID ASC) 
      LOGGING 
      TABLESPACE USERS 
      PCTFREE 10 
      INITRANS 2 
      STORAGE 
      ( 
        INITIAL 65536 
        NEXT 1048576 
        MINEXTENTS 1 
        MAXEXTENTS UNLIMITED 
        BUFFER_POOL DEFAULT 
      ) 
      NOPARALLEL 
  )
  ENABLE 
) 
LOGGING 
TABLESPACE USERS 
PCTFREE 10 
INITRANS 1 
STORAGE 
( 
  INITIAL 65536 
  NEXT 1048576 
  MINEXTENTS 1 
  MAXEXTENTS UNLIMITED 
  BUFFER_POOL DEFAULT 
) 
NOCOMPRESS;

ALTER TABLE LINKEDINUSER
ADD CONSTRAINT LINKEDINUSER_FK1 FOREIGN KEY
(
  USERID 
)
REFERENCES ALLUSERS
(
  ALLUSERID 
)
ENABLE;



CREATE TABLE COMPANY 
(
  CMP_ID NUMBER NOT NULL 
, COMPANY_NAME VARCHAR2(20 BYTE) NOT NULL 
, CONSTRAINT COMPANY_PK PRIMARY KEY 
  (
    CMP_ID 
  )
  USING INDEX 
  (
      CREATE UNIQUE INDEX COMPANY_PK ON COMPANY (CMP_ID ASC) 
      LOGGING 
      TABLESPACE USERS 
      PCTFREE 10 
      INITRANS 2 
      STORAGE 
      ( 
        INITIAL 65536 
        NEXT 1048576 
        MINEXTENTS 1 
        MAXEXTENTS UNLIMITED 
        BUFFER_POOL DEFAULT 
      ) 
      NOPARALLEL 
  )
  ENABLE 
) 
LOGGING 
TABLESPACE USERS 
PCTFREE 10 
INITRANS 1 
STORAGE 
( 
  INITIAL 65536 
  NEXT 1048576 
  MINEXTENTS 1 
  MAXEXTENTS UNLIMITED 
  BUFFER_POOL DEFAULT 
) 
NOCOMPRESS;

ALTER TABLE COMPANY
ADD CONSTRAINT COMPANY_FK1 FOREIGN KEY
(
  CMP_ID 
)
REFERENCES ALLUSERS
(
  ALLUSERID 
)
ON DELETE CASCADE ENABLE;


CREATE TABLE LINKEDINGROUP 
(
  GROUPID NUMBER NOT NULL 
, GROUPNAME VARCHAR2(70 BYTE) NOT NULL 
, CONSTRAINT LINKEDINGROUP_PK PRIMARY KEY 
  (
    GROUPID 
  )
  USING INDEX 
  (
      CREATE UNIQUE INDEX LINKEDINGROUP_PK ON LINKEDINGROUP (GROUPID ASC) 
      LOGGING 
      TABLESPACE USERS 
      PCTFREE 10 
      INITRANS 2 
      STORAGE 
      ( 
        INITIAL 65536 
        NEXT 1048576 
        MINEXTENTS 1 
        MAXEXTENTS UNLIMITED 
        BUFFER_POOL DEFAULT 
      ) 
      NOPARALLEL 
  )
  ENABLE 
) 
LOGGING 
TABLESPACE USERS 
PCTFREE 10 
INITRANS 1 
STORAGE 
( 
  INITIAL 65536 
  NEXT 1048576 
  MINEXTENTS 1 
  MAXEXTENTS UNLIMITED 
  BUFFER_POOL DEFAULT 
) 
NOCOMPRESS;

ALTER TABLE LINKEDINGROUP
ADD CONSTRAINT LINKEDINGROUP_FK1 FOREIGN KEY
(
  GROUPID 
)
REFERENCES ALLUSERS
(
  ALLUSERID 
)
ON DELETE CASCADE ENABLE;



CREATE TABLE LINKEDINRESOURCE 
(
  RID NUMBER NOT NULL 
, LINK VARCHAR2(20 BYTE) 
, TYPE VARCHAR2(30 BYTE) 
, CONSTRAINT LINKEDINRESOURCE_PK PRIMARY KEY 
  (
    RID 
  )
  USING INDEX 
  (
      CREATE UNIQUE INDEX LINKEDINRESOURCE_PK ON LINKEDINRESOURCE (RID ASC) 
      LOGGING 
      TABLESPACE USERS 
      PCTFREE 10 
      INITRANS 2 
      STORAGE 
      ( 
        INITIAL 65536 
        NEXT 1048576 
        MINEXTENTS 1 
        MAXEXTENTS UNLIMITED 
        BUFFER_POOL DEFAULT 
      ) 
      NOPARALLEL 
  )
  ENABLE 
) 
LOGGING 
TABLESPACE USERS 
PCTFREE 10 
INITRANS 1 
STORAGE 
( 
  INITIAL 65536 
  NEXT 1048576 
  MINEXTENTS 1 
  MAXEXTENTS UNLIMITED 
  BUFFER_POOL DEFAULT 
) 
NOCOMPRESS;


CREATE TABLE POST 
(
  POSTID NUMBER NOT NULL 
, SENDERID NUMBER NOT NULL 
, RECEIVERID NUMBER 
, POSTTYPE VARCHAR2(20 BYTE) 
, CONTENT VARCHAR2(50 BYTE) 
, SHARETYPE VARCHAR2(20 BYTE) 
, DATETIME DATE 
, CONSTRAINT POST_PK PRIMARY KEY 
  (
    POSTID 
  )
  USING INDEX 
  (
      CREATE UNIQUE INDEX POST_PK ON POST (POSTID ASC) 
      LOGGING 
      TABLESPACE USERS 
      PCTFREE 10 
      INITRANS 2 
      STORAGE 
      ( 
        INITIAL 65536 
        NEXT 1048576 
        MINEXTENTS 1 
        MAXEXTENTS UNLIMITED 
        BUFFER_POOL DEFAULT 
      ) 
      NOPARALLEL 
  )
  ENABLE 
) 
LOGGING 
TABLESPACE USERS 
PCTFREE 10 
INITRANS 1 
STORAGE 
( 
  INITIAL 65536 
  NEXT 1048576 
  MINEXTENTS 1 
  MAXEXTENTS UNLIMITED 
  BUFFER_POOL DEFAULT 
) 
NOCOMPRESS;

ALTER TABLE POST
ADD CONSTRAINT POST_FK1 FOREIGN KEY
(
  SENDERID 
)
REFERENCES ALLUSERS
(
  ALLUSERID 
)
ENABLE;

ALTER TABLE POST
ADD CONSTRAINT POST_FK2 FOREIGN KEY
(
  RECEIVERID 
)
REFERENCES ALLUSERS
(
  ALLUSERID 
)
ENABLE;



CREATE TABLE LINKEDINCOMMENT 
(
  COMMENTID NUMBER NOT NULL 
, SENDERID NUMBER NOT NULL 
, POSTID NUMBER NOT NULL 
, CONTENT VARCHAR2(60 BYTE) NOT NULL 
, ISLIKE NUMBER NOT NULL 
, ISSHARE NUMBER NOT NULL 
, CONSTRAINT LINKEDINCOMMENT_PK PRIMARY KEY 
  (
    COMMENTID 
  , SENDERID 
  , POSTID 
  )
  USING INDEX 
  (
      CREATE UNIQUE INDEX LINKEDINCOMMENT_PK ON LINKEDINCOMMENT (COMMENTID ASC, SENDERID ASC, POSTID ASC) 
      LOGGING 
      TABLESPACE USERS 
      PCTFREE 10 
      INITRANS 2 
      STORAGE 
      ( 
        INITIAL 65536 
        NEXT 1048576 
        MINEXTENTS 1 
        MAXEXTENTS UNLIMITED 
        BUFFER_POOL DEFAULT 
      ) 
      NOPARALLEL 
  )
  ENABLE 
) 
LOGGING 
TABLESPACE USERS 
PCTFREE 10 
INITRANS 1 
STORAGE 
( 
  INITIAL 65536 
  NEXT 1048576 
  MINEXTENTS 1 
  MAXEXTENTS UNLIMITED 
  BUFFER_POOL DEFAULT 
) 
NOCOMPRESS;

ALTER TABLE LINKEDINCOMMENT
ADD CONSTRAINT LINKEDINCOMMENT_FK1 FOREIGN KEY
(
  SENDERID 
)
REFERENCES LINKEDINUSER
(
  USERID 
)
ON DELETE SET NULL ENABLE;

ALTER TABLE LINKEDINCOMMENT
ADD CONSTRAINT LINKEDINCOMMENT_FK2 FOREIGN KEY
(
  POSTID 
)
REFERENCES POST
(
  POSTID 
)
ON DELETE SET NULL ENABLE;


CREATE TABLE OWN 
(
  USERID NUMBER NOT NULL 
, RID NUMBER NOT NULL 
, CONSTRAINT OWN_PK PRIMARY KEY 
  (
    USERID 
  , RID 
  )
  USING INDEX 
  (
      CREATE UNIQUE INDEX OWN_PK ON OWN (USERID ASC, RID ASC) 
      LOGGING 
      TABLESPACE USERS 
      PCTFREE 10 
      INITRANS 2 
      STORAGE 
      ( 
        INITIAL 65536 
        NEXT 1048576 
        MINEXTENTS 1 
        MAXEXTENTS UNLIMITED 
        BUFFER_POOL DEFAULT 
      ) 
      NOPARALLEL 
  )
  ENABLE 
) 
LOGGING 
TABLESPACE USERS 
PCTFREE 10 
INITRANS 1 
STORAGE 
( 
  INITIAL 65536 
  NEXT 1048576 
  MINEXTENTS 1 
  MAXEXTENTS UNLIMITED 
  BUFFER_POOL DEFAULT 
) 
NOCOMPRESS;

ALTER TABLE OWN
ADD CONSTRAINT OWN_FK1 FOREIGN KEY
(
  USERID 
)
REFERENCES LINKEDINUSER
(
  USERID 
)
ENABLE;

ALTER TABLE OWN
ADD CONSTRAINT OWN_FK2 FOREIGN KEY
(
  RID 
)
REFERENCES LINKEDINRESOURCE
(
  RID 
)
ENABLE;

CREATE TABLE JOIN 
(
  USERID NUMBER NOT NULL 
, GROUPID NUMBER NOT NULL 
, CONSTRAINT JOIN_PK PRIMARY KEY 
  (
    USERID 
  , GROUPID 
  )
  USING INDEX 
  (
      CREATE UNIQUE INDEX JOIN_PK ON JOIN (USERID ASC, GROUPID ASC) 
      LOGGING 
      TABLESPACE USERS 
      PCTFREE 10 
      INITRANS 2 
      STORAGE 
      ( 
        INITIAL 65536 
        NEXT 1048576 
        MINEXTENTS 1 
        MAXEXTENTS UNLIMITED 
        BUFFER_POOL DEFAULT 
      ) 
      NOPARALLEL 
  )
  ENABLE 
) 
LOGGING 
TABLESPACE USERS 
PCTFREE 10 
INITRANS 1 
STORAGE 
( 
  INITIAL 65536 
  NEXT 1048576 
  MINEXTENTS 1 
  MAXEXTENTS UNLIMITED 
  BUFFER_POOL DEFAULT 
) 
NOCOMPRESS;

ALTER TABLE JOIN
ADD CONSTRAINT JOIN_FK1 FOREIGN KEY
(
  USERID 
)
REFERENCES LINKEDINUSER
(
  USERID 
)
ON DELETE SET NULL ENABLE;

ALTER TABLE JOIN
ADD CONSTRAINT JOIN_FK2 FOREIGN KEY
(
  GROUPID 
)
REFERENCES LINKEDINGROUP
(
  GROUPID 
)
ON DELETE SET NULL ENABLE;


CREATE TABLE FOLLOW 
(
  USERID NUMBER NOT NULL 
, COMPANYID NUMBER NOT NULL 
, CONSTRAINT FOLLOW_PK PRIMARY KEY 
  (
    USERID 
  , COMPANYID 
  )
  USING INDEX 
  (
      CREATE UNIQUE INDEX FOLLOW_PK ON FOLLOW (USERID ASC, COMPANYID ASC) 
      LOGGING 
      TABLESPACE USERS 
      PCTFREE 10 
      INITRANS 2 
      STORAGE 
      ( 
        INITIAL 65536 
        NEXT 1048576 
        MINEXTENTS 1 
        MAXEXTENTS UNLIMITED 
        BUFFER_POOL DEFAULT 
      ) 
      NOPARALLEL 
  )
  ENABLE 
) 
LOGGING 
TABLESPACE USERS 
PCTFREE 10 
INITRANS 1 
STORAGE 
( 
  INITIAL 65536 
  NEXT 1048576 
  MINEXTENTS 1 
  MAXEXTENTS UNLIMITED 
  BUFFER_POOL DEFAULT 
) 
NOCOMPRESS;

ALTER TABLE FOLLOW
ADD CONSTRAINT FOLLOW_FK1 FOREIGN KEY
(
  USERID 
)
REFERENCES LINKEDINUSER
(
  USERID 
)
ENABLE;

ALTER TABLE FOLLOW
ADD CONSTRAINT FOLLOW_FK2 FOREIGN KEY
(
  COMPANYID 
)
REFERENCES COMPANY
(
  CMP_ID 
)
ON DELETE SET NULL ENABLE;



CREATE TABLE USERCONNECT 
(
  USER1 NUMBER NOT NULL 
, USER2 NUMBER NOT NULL 
, CONSTRAINT USERCONNECT_PK PRIMARY KEY 
  (
    USER1 
  , USER2 
  )
  USING INDEX 
  (
      CREATE UNIQUE INDEX USERCONNECT_PK ON USERCONNECT (USER1 ASC, USER2 ASC) 
      LOGGING 
      TABLESPACE USERS 
      PCTFREE 10 
      INITRANS 2 
      STORAGE 
      ( 
        INITIAL 65536 
        NEXT 1048576 
        MINEXTENTS 1 
        MAXEXTENTS UNLIMITED 
        BUFFER_POOL DEFAULT 
      ) 
      NOPARALLEL 
  )
  ENABLE 
) 
LOGGING 
TABLESPACE USERS 
PCTFREE 10 
INITRANS 1 
STORAGE 
( 
  INITIAL 65536 
  NEXT 1048576 
  MINEXTENTS 1 
  MAXEXTENTS UNLIMITED 
  BUFFER_POOL DEFAULT 
) 
NOCOMPRESS;


CREATE TABLE ATTACH 
(
  PID NUMBER NOT NULL 
, RID NUMBER NOT NULL 
, CONSTRAINT ATTACH_PK PRIMARY KEY 
  (
    PID 
  , RID 
  )
  USING INDEX 
  (
      CREATE UNIQUE INDEX ATTACH_PK ON ATTACH (PID ASC, RID ASC) 
      LOGGING 
      TABLESPACE USERS 
      PCTFREE 10 
      INITRANS 2 
      STORAGE 
      ( 
        INITIAL 65536 
        NEXT 1048576 
        MINEXTENTS 1 
        MAXEXTENTS UNLIMITED 
        BUFFER_POOL DEFAULT 
      ) 
      NOPARALLEL 
  )
  ENABLE 
) 
LOGGING 
TABLESPACE USERS 
PCTFREE 10 
INITRANS 1 
STORAGE 
( 
  INITIAL 65536 
  NEXT 1048576 
  MINEXTENTS 1 
  MAXEXTENTS UNLIMITED 
  BUFFER_POOL DEFAULT 
) 
NOCOMPRESS;

ALTER TABLE ATTACH
ADD CONSTRAINT ATTACH_FK1 FOREIGN KEY
(
  RID 
)
REFERENCES LINKEDINRESOURCE
(
  RID 
)
ENABLE;

ALTER TABLE ATTACH
ADD CONSTRAINT ATTACH_FK2 FOREIGN KEY
(
  PID 
)
REFERENCES POST
(
  POSTID 
)
ON DELETE SET NULL ENABLE;


SET DEFINE OFF

INSERT INTO ALLUSERS (ALLUSERID) 
VALUES (1.0);

INSERT INTO ALLUSERS (ALLUSERID) 
VALUES (2.0);

INSERT INTO ALLUSERS (ALLUSERID) 
VALUES (3.0);

INSERT INTO ALLUSERS (ALLUSERID) 
VALUES (4.0);

INSERT INTO ALLUSERS (ALLUSERID) 
VALUES (5.0);

INSERT INTO ALLUSERS (ALLUSERID) 
VALUES (6.0);

INSERT INTO ALLUSERS (ALLUSERID) 
VALUES (7.0);

INSERT INTO ALLUSERS (ALLUSERID) 
VALUES (8.0);

INSERT INTO ALLUSERS (ALLUSERID) 
VALUES (9.0);

INSERT INTO ALLUSERS (ALLUSERID) 
VALUES (10.0);

INSERT INTO ALLUSERS (ALLUSERID) 
VALUES (11.0);

INSERT INTO ALLUSERS (ALLUSERID) 
VALUES (12.0);

INSERT INTO ALLUSERS (ALLUSERID) 
VALUES (13.0);

INSERT INTO ALLUSERS (ALLUSERID) 
VALUES (14.0);

INSERT INTO ALLUSERS (ALLUSERID) 
VALUES (15.0);

INSERT INTO ALLUSERS (ALLUSERID) 
VALUES (16.0);

INSERT INTO ALLUSERS (ALLUSERID) 
VALUES (17.0);

INSERT INTO ALLUSERS (ALLUSERID) 
VALUES (18.0);

INSERT INTO ALLUSERS (ALLUSERID) 
VALUES (19.0);

INSERT INTO ALLUSERS (ALLUSERID) 
VALUES (20.0);

INSERT INTO ALLUSERS (ALLUSERID) 
VALUES (56701.0);

INSERT INTO ALLUSERS (ALLUSERID) 
VALUES (56702.0);

INSERT INTO ALLUSERS (ALLUSERID) 
VALUES (56703.0);

INSERT INTO ALLUSERS (ALLUSERID) 
VALUES (4001.0);

INSERT INTO ALLUSERS (ALLUSERID) 
VALUES (4002.0);

INSERT INTO ALLUSERS (ALLUSERID) 
VALUES (4003.0);

INSERT INTO ALLUSERS (ALLUSERID) 
VALUES (4004.0);



SET DEFINE OFF

INSERT INTO LINKEDINUSER (USERID, NAME, EMAIL, COUNTRY, ZIP, REGDATE, REGTIME, STATUS) 
VALUES (1.0, 'Lady Gaga', 'ladygaga@xx.com', 'USA', '90007', to_date('04/09/2013', 'mm/dd/yyyy'), to_date('08:15:20', 'hh24:mi:ss'), 'Employed');

INSERT INTO LINKEDINUSER (USERID, NAME, EMAIL, COUNTRY, ZIP, REGDATE, REGTIME, STATUS) 
VALUES (2.0, 'Michael Smith', 'mickey@xx.com', 'USA', '58493', to_date('02/19/2013', 'mm/dd/yyyy'), to_date('07:12:59', 'hh24:mi:ss'), 'Student');

INSERT INTO LINKEDINUSER (USERID, NAME, EMAIL, COUNTRY, ZIP, REGDATE, REGTIME, STATUS) 
VALUES (3.0, 'Patricia Williams', 'imwilliams@yy.com', 'USA', '42231', to_date('01/24/2013', 'mm/dd/yyyy'), to_date('14:00:00', 'hh24:mi:ss'), 'Job Seeker');

INSERT INTO LINKEDINUSER (USERID, NAME, EMAIL, COUNTRY, ZIP, REGDATE, REGTIME, STATUS) 
VALUES (4.0, 'Linda Miller', 'millerl@xx.com', 'USA', '61123', to_date('12/31/2013', 'mm/dd/yyyy'), to_date('09:30:12', 'hh24:mi:ss'), 'Employed');

INSERT INTO LINKEDINUSER (USERID, NAME, EMAIL, COUNTRY, ZIP, REGDATE, REGTIME, STATUS) 
VALUES (5.0, 'Robert Moore', 'robert@xx.com', 'USA', '36393', to_date('10/25/2013', 'mm/dd/yyyy'), to_date('17:33:12', 'hh24:mi:ss'), 'Job Seeker');

INSERT INTO LINKEDINUSER (USERID, NAME, EMAIL, COUNTRY, ZIP, REGDATE, REGTIME, STATUS) 
VALUES (6.0, 'David Taylor', 'taylor@yy.com', 'Ukraine', '84489', to_date('08/08/2013', 'mm/dd/yyyy'), to_date('18:18:18', 'hh24:mi:ss'), 'Student');

INSERT INTO LINKEDINUSER (USERID, NAME, EMAIL, COUNTRY, ZIP, REGDATE, REGTIME, STATUS) 
VALUES (7.0, 'Maria Hall', 'mariahall@xx.com', 'Germany', '45898', to_date('04/07/2013', 'mm/dd/yyyy'), to_date('21:30:00', 'hh24:mi:ss'), 'Employed');

INSERT INTO LINKEDINUSER (USERID, NAME, EMAIL, COUNTRY, ZIP, REGDATE, REGTIME, STATUS) 
VALUES (8.0, 'Jennifer Young', 'jyoung@xx.com', 'Portugal', '11276', to_date('03/02/2013', 'mm/dd/yyyy'), to_date('22:00:00', 'hh24:mi:ss'), 'Employed');

INSERT INTO LINKEDINUSER (USERID, NAME, EMAIL, COUNTRY, ZIP, REGDATE, REGTIME, STATUS) 
VALUES (9.0, 'Laura Martin', 'lauram@yy.com', 'Croatia', '76688', to_date('05/05/2013', 'mm/dd/yyyy'), to_date('07:25:54', 'hh24:mi:ss'), 'Job Seeker');

INSERT INTO LINKEDINUSER (USERID, NAME, EMAIL, COUNTRY, ZIP, REGDATE, REGTIME, STATUS) 
VALUES (10.0, 'Susan Hill', 'susanhill@yy.com', 'Hungary', '223344', to_date('05/20/2013', 'mm/dd/yyyy'), to_date('18:20:30', 'hh24:mi:ss'), 'Student');

INSERT INTO LINKEDINUSER (USERID, NAME, EMAIL, COUNTRY, ZIP, REGDATE, REGTIME, STATUS) 
VALUES (11.0, 'Sachin Tendulkar', 'srt@xy.com', 'India', '651234', to_date('01/24/2013', 'mm/dd/yyyy'), to_date('12:30:20', 'hh24:mi:ss'), 'Job Seeker');

INSERT INTO LINKEDINUSER (USERID, NAME, EMAIL, COUNTRY, ZIP, REGDATE, REGTIME, STATUS) 
VALUES (12.0, 'Rafael Nadal', 'rnadal@yy.com', 'Spain', '775490', to_date('09/12/2013', 'mm/dd/yyyy'), to_date('12:30:20', 'hh24:mi:ss'), 'Employed');

INSERT INTO LINKEDINUSER (USERID, NAME, EMAIL, COUNTRY, ZIP, REGDATE, REGTIME, STATUS) 
VALUES (13.0, 'Tiger Woods', 'woods@xx.com', 'USA', '101010', to_date('11/24/2013', 'mm/dd/yyyy'), to_date('08:30:12', 'hh24:mi:ss'), 'Student');

INSERT INTO LINKEDINUSER (USERID, NAME, EMAIL, COUNTRY, ZIP, REGDATE, REGTIME, STATUS) 
VALUES (14.0, 'Jackie Chan', 'jackiec@xx.com', 'China', '238345', to_date('01/31/2013', 'mm/dd/yyyy'), to_date('19:45:54', 'hh24:mi:ss'), 'Job Seeker');

INSERT INTO LINKEDINUSER (USERID, NAME, EMAIL, COUNTRY, ZIP, REGDATE, REGTIME, STATUS) 
VALUES (15.0, 'Chiling Lin', 'chilinglin@xx.com', 'China', '565656', to_date('07/15/2013', 'mm/dd/yyyy'), to_date('10:10:10', 'hh24:mi:ss'), 'Student');

INSERT INTO LINKEDINUSER (USERID, NAME, EMAIL, COUNTRY, ZIP, REGDATE, REGTIME, STATUS) 
VALUES (16.0, 'Alberto Dias', 'alberto@xyz.com', 'Brazil', '232323', to_date('03/03/2013', 'mm/dd/yyyy'), to_date('12:29:30', 'hh24:mi:ss'), 'Employed');

INSERT INTO LINKEDINUSER (USERID, NAME, EMAIL, COUNTRY, ZIP, REGDATE, REGTIME, STATUS) 
VALUES (17.0, 'George Williams', 'georgew@yyy.com', 'UK', '876543', to_date('03/03/2013', 'mm/dd/yyyy'), to_date('16:21:28', 'hh24:mi:ss'), 'Student');

INSERT INTO LINKEDINUSER (USERID, NAME, EMAIL, COUNTRY, ZIP, REGDATE, REGTIME, STATUS) 
VALUES (18.0, 'Nelson Jose', 'jose@zz.com', 'South Africa', '123456', to_date('01/24/2013', 'mm/dd/yyyy'), to_date('17:17:17', 'hh24:mi:ss'), 'Job Seeker');

INSERT INTO LINKEDINUSER (USERID, NAME, EMAIL, COUNTRY, ZIP, REGDATE, REGTIME, STATUS) 
VALUES (19.0, 'Roger Federer', 'roger@yy.com', 'Switzerland', '546791', to_date('10/14/2013', 'mm/dd/yyyy'), to_date('14:11:11', 'hh24:mi:ss'), 'Employed');

INSERT INTO LINKEDINUSER (USERID, NAME, EMAIL, COUNTRY, ZIP, REGDATE, REGTIME, STATUS) 
VALUES (20.0, 'Serena Williams', 'serena@xyz.com', 'USA', '192837', to_date('09/26/2013', 'mm/dd/yyyy'), to_date('20:20:30', 'hh24:mi:ss'), 'Student');



SET DEFINE OFF

INSERT INTO COMPANY (CMP_ID, COMPANY_NAME) 
VALUES (4001.0, 'Google Inc');

INSERT INTO COMPANY (CMP_ID, COMPANY_NAME) 
VALUES (4002.0, 'Facebook');

INSERT INTO COMPANY (CMP_ID, COMPANY_NAME) 
VALUES (4003.0, 'CISCO');

INSERT INTO COMPANY (CMP_ID, COMPANY_NAME) 
VALUES (4004.0, 'Yahoo.com');



SET DEFINE OFF

INSERT INTO LINKEDINGROUP (GROUPID, GROUPNAME) 
VALUES (56701.0, 'University Of Southern California');

INSERT INTO LINKEDINGROUP (GROUPID, GROUPNAME) 
VALUES (56702.0, 'Bay Area');

INSERT INTO LINKEDINGROUP (GROUPID, GROUPNAME) 
VALUES (56703.0, 'Database System');


SET DEFINE OFF

INSERT INTO LINKEDINRESOURCE (RID, TYPE, LINK) 
VALUES (8001.0, 'image', 'image8001');

INSERT INTO LINKEDINRESOURCE (RID, TYPE, LINK) 
VALUES (8002.0, 'image', 'image8002');

INSERT INTO LINKEDINRESOURCE (RID, TYPE, LINK) 
VALUES (8003.0, 'presentation', 'presentation8003');

INSERT INTO LINKEDINRESOURCE (RID, TYPE, LINK) 
VALUES (8004.0, 'survey', 'survey8004');

INSERT INTO LINKEDINRESOURCE (RID, TYPE, LINK) 
VALUES (8005.0, 'presentation', 'presentation8005');

INSERT INTO LINKEDINRESOURCE (RID, TYPE, LINK) 
VALUES (8006.0, 'presentation', 'presentation8006');

INSERT INTO LINKEDINRESOURCE (RID, TYPE, LINK) 
VALUES (8007.0, 'image', 'image8007');

INSERT INTO LINKEDINRESOURCE (RID, TYPE, LINK) 
VALUES (8008.0, 'survey', 'survey8008');

INSERT INTO LINKEDINRESOURCE (RID, TYPE, LINK) 
VALUES (8009.0, 'image', 'image8009');

INSERT INTO LINKEDINRESOURCE (RID, TYPE, LINK) 
VALUES (8010.0, 'presentation', 'presentation8010');

INSERT INTO LINKEDINRESOURCE (RID, TYPE, LINK) 
VALUES (8011.0, 'presentation', 'presentation8011');



SET DEFINE OFF

INSERT INTO POST (POSTID, SENDERID, RECEIVERID, POSTTYPE, CONTENT, SHARETYPE, DATETIME) 
VALUES (101.0, 19.0, 20.0, 'connection', 'FB CEO Resigns', 'public', to_date('12/16/2013 15:32', 'mm/dd/yyyy hh24:mi'));

INSERT INTO POST (POSTID, SENDERID, RECEIVERID, POSTTYPE, CONTENT, SHARETYPE, DATETIME) 
VALUES (102.0, 9.0, 3.0, 'connection', 'Yahoo hiring interns', 'connection', to_date('12/18/2013 08:15', 'mm/dd/yyyy hh24:mi'));

INSERT INTO POST (POSTID, SENDERID, RECEIVERID, POSTTYPE, CONTENT, SHARETYPE, DATETIME) 
VALUES (103.0, 11.0, 56701.0, 'group', 'Tech jobs rush', 'public', to_date('12/18/2013 18:22', 'mm/dd/yyyy hh24:mi'));

INSERT INTO POST (POSTID, SENDERID, RECEIVERID, POSTTYPE, CONTENT, SHARETYPE, DATETIME) 
VALUES (104.0, 16.0, 56702.0, 'group', 'See you at career fair', 'public', to_date('12/24/2013 20:20', 'mm/dd/yyyy hh24:mi'));

INSERT INTO POST (POSTID, SENDERID, RECEIVERID, POSTTYPE, CONTENT, SHARETYPE, DATETIME) 
VALUES (105.0, 1.0, 3.0, 'connection', 'are you ready', 'connection', to_date('12/30/2013 12:30', 'mm/dd/yyyy hh24:mi'));

INSERT INTO POST (POSTID, SENDERID, RECEIVERID, POSTTYPE, CONTENT, SHARETYPE, DATETIME) 
VALUES (106.0, 9.0, 3.0, 'connection', 'Google glasses', 'public', to_date('01/04/2014 16:30', 'mm/dd/yyyy hh24:mi'));

INSERT INTO POST (POSTID, SENDERID, RECEIVERID, POSTTYPE, CONTENT, SHARETYPE, DATETIME) 
VALUES (107.0, 7.0, 56701.0, 'group', 'Trojans hiring', 'public', to_date('01/05/2014 08:30', 'mm/dd/yyyy hh24:mi'));

INSERT INTO POST (POSTID, SENDERID, RECEIVERID, POSTTYPE, CONTENT, SHARETYPE, DATETIME) 
VALUES (108.0, 10.0, 4002.0, 'company', 'is FB using open graphs?', 'public', to_date('01/05/2014 12:30', 'mm/dd/yyyy hh24:mi'));

INSERT INTO POST (POSTID, SENDERID, RECEIVERID, POSTTYPE, CONTENT, SHARETYPE, DATETIME) 
VALUES (109.0, 14.0, 3.0, 'connection', 'Google hiring interns', 'connection', to_date('12/19/2013 08:15', 'mm/dd/yyyy hh24:mi'));

INSERT INTO POST (POSTID, SENDERID, RECEIVERID, POSTTYPE, CONTENT, SHARETYPE, DATETIME) 
VALUES (110.0, 14.0, 10.0, 'connection', 'Amazon hiring interns', 'connection', to_date('01/04/2014 08:15', 'mm/dd/yyyy hh24:mi'));

INSERT INTO POST (POSTID, SENDERID, RECEIVERID, POSTTYPE, CONTENT, SHARETYPE, DATETIME) 
VALUES (111.0, 11.0, 14.0, 'connection', 'Wow! Amazing!', 'connection', to_date('01/05/2014 08:15', 'mm/dd/yyyy hh24:mi'));

INSERT INTO POST (POSTID, SENDERID, RECEIVERID, POSTTYPE, CONTENT, SHARETYPE, DATETIME) 
VALUES (112.0, 11.0, 14.0, 'connection', 'Wow! Superb!', 'connection', to_date('01/05/2014 08:15', 'mm/dd/yyyy hh24:mi'));

INSERT INTO POST (POSTID, SENDERID, RECEIVERID, POSTTYPE, CONTENT, SHARETYPE, DATETIME) 
VALUES (113.0, 56701.0, 56701.0, 'group', 'USC welcomes you!', 'connection', to_date('01/05/2014 08:15', 'mm/dd/yyyy hh24:mi'));

INSERT INTO POST (POSTID, SENDERID, RECEIVERID, POSTTYPE, CONTENT, SHARETYPE, DATETIME) 
VALUES (114.0, 56701.0, 56701.0, 'group', 'Fight on!', 'connection', to_date('01/05/2014 08:15', 'mm/dd/yyyy hh24:mi'));

INSERT INTO POST (POSTID, SENDERID, RECEIVERID, POSTTYPE, CONTENT, SHARETYPE, DATETIME) 
VALUES (115.0, 56701.0, 56701.0, 'group', 'Fight on!', 'public', to_date('01/05/2014 08:15', 'mm/dd/yyyy hh24:mi'));



SET DEFINE OFF

INSERT INTO LINKEDINCOMMENT (COMMENTID, SENDERID, POSTID, CONTENT, ISLIKE, ISSHARE) 
VALUES (701.0, 12.0, 103.0, 'Which campanies coming?', 1.0, 1.0);

INSERT INTO LINKEDINCOMMENT (COMMENTID, SENDERID, POSTID, CONTENT, ISLIKE, ISSHARE) 
VALUES (702.0, 20.0, 101.0, 'Really? When?', 1.0, 0.0);

INSERT INTO LINKEDINCOMMENT (COMMENTID, SENDERID, POSTID, CONTENT, ISLIKE, ISSHARE) 
VALUES (703.0, 15.0, 103.0, 'JP Morgan', 1.0, 0.0);

INSERT INTO LINKEDINCOMMENT (COMMENTID, SENDERID, POSTID, CONTENT, ISLIKE, ISSHARE) 
VALUES (704.0, 6.0, 102.0, 'From USC!', 0.0, 0.0);

INSERT INTO LINKEDINCOMMENT (COMMENTID, SENDERID, POSTID, CONTENT, ISLIKE, ISSHARE) 
VALUES (705.0, 12.0, 101.0, 'Today', 1.0, 1.0);

INSERT INTO LINKEDINCOMMENT (COMMENTID, SENDERID, POSTID, CONTENT, ISLIKE, ISSHARE) 
VALUES (706.0, 17.0, 104.0, 'When is Career fair?', 1.0, 0.0);

INSERT INTO LINKEDINCOMMENT (COMMENTID, SENDERID, POSTID, CONTENT, ISLIKE, ISSHARE) 
VALUES (707.0, 12.0, 103.0, 'Bloomburg', 0.0, 1.0);

INSERT INTO LINKEDINCOMMENT (COMMENTID, SENDERID, POSTID, CONTENT, ISLIKE, ISSHARE) 
VALUES (708.0, 1.0, 104.0, 'Its next Wednesday', 1.0, 1.0);

INSERT INTO LINKEDINCOMMENT (COMMENTID, SENDERID, POSTID, CONTENT, ISLIKE, ISSHARE) 
VALUES (709.0, 8.0, 107.0, ' Trojans hiring trojans', 1.0, 0.0);

INSERT INTO LINKEDINCOMMENT (COMMENTID, SENDERID, POSTID, CONTENT, ISLIKE, ISSHARE) 
VALUES (710.0, 9.0, 107.0, 'Startups!', 0.0, 1.0);

INSERT INTO LINKEDINCOMMENT (COMMENTID, SENDERID, POSTID, CONTENT, ISLIKE, ISSHARE) 
VALUES (711.0, 3.0, 106.0, 'I love google glasses', 0.0, 1.0);

INSERT INTO LINKEDINCOMMENT (COMMENTID, SENDERID, POSTID, CONTENT, ISLIKE, ISSHARE) 
VALUES (712.0, 8.0, 107.0, 'Big companies', 1.0, 0.0);

INSERT INTO LINKEDINCOMMENT (COMMENTID, SENDERID, POSTID, CONTENT, ISLIKE, ISSHARE) 
VALUES (713.0, 14.0, 108.0, 'FB using RDF', 1.0, 0.0);

INSERT INTO LINKEDINCOMMENT (COMMENTID, SENDERID, POSTID, CONTENT, ISLIKE, ISSHARE) 
VALUES (714.0, 15.0, 108.0, 'RDF to link data', 1.0, 1.0);

INSERT INTO LINKEDINCOMMENT (COMMENTID, SENDERID, POSTID, CONTENT, ISLIKE, ISSHARE) 
VALUES (715.0, 15.0, 111.0, 'Linked Data!', 1.0, 1.0);

INSERT INTO LINKEDINCOMMENT (COMMENTID, SENDERID, POSTID, CONTENT, ISLIKE, ISSHARE) 
VALUES (716.0, 15.0, 111.0, 'Congrats!', 1.0, 1.0);

INSERT INTO LINKEDINCOMMENT (COMMENTID, SENDERID, POSTID, CONTENT, ISLIKE, ISSHARE) 
VALUES (717.0, 8.0, 111.0, 'Congrats! Well done!', 1.0, 1.0);

INSERT INTO LINKEDINCOMMENT (COMMENTID, SENDERID, POSTID, CONTENT, ISLIKE, ISSHARE) 
VALUES (718.0, 15.0, 111.0, 'Great! Congrats!', 1.0, 1.0);

INSERT INTO LINKEDINCOMMENT (COMMENTID, SENDERID, POSTID, CONTENT, ISLIKE, ISSHARE) 
VALUES (719.0, 15.0, 113.0, 'Great! Thanks for info.', 1.0, 1.0);

INSERT INTO LINKEDINCOMMENT (COMMENTID, SENDERID, POSTID, CONTENT, ISLIKE, ISSHARE) 
VALUES (720.0, 14.0, 113.0, 'Great! Thank you!', 1.0, 1.0);

INSERT INTO LINKEDINCOMMENT (COMMENTID, SENDERID, POSTID, CONTENT, ISLIKE, ISSHARE) 
VALUES (721.0, 14.0, 114.0, 'Great! Thanks man!', 1.0, 1.0);

INSERT INTO LINKEDINCOMMENT (COMMENTID, SENDERID, POSTID, CONTENT, ISLIKE, ISSHARE) 
VALUES (722.0, 14.0, 114.0, 'Great! Thanks dude!', 1.0, 1.0);

INSERT INTO LINKEDINCOMMENT (COMMENTID, SENDERID, POSTID, CONTENT, ISLIKE, ISSHARE) 
VALUES (723.0, 14.0, 115.0, 'Thanks! P', 1.0, 1.0);

INSERT INTO LINKEDINCOMMENT (COMMENTID, SENDERID, POSTID, CONTENT, ISLIKE, ISSHARE) 
VALUES (724.0, 14.0, 115.0, 'Great! Thanks a ton!', 1.0, 1.0);



SET DEFINE OFF

INSERT INTO OWN (USERID, RID) 
VALUES (1.0, 8001.0);

INSERT INTO OWN (USERID, RID) 
VALUES (1.0, 8006.0);

INSERT INTO OWN (USERID, RID) 
VALUES (2.0, 8003.0);

INSERT INTO OWN (USERID, RID) 
VALUES (3.0, 8003.0);

INSERT INTO OWN (USERID, RID) 
VALUES (4.0, 8004.0);

INSERT INTO OWN (USERID, RID) 
VALUES (4.0, 8006.0);

INSERT INTO OWN (USERID, RID) 
VALUES (5.0, 8002.0);

INSERT INTO OWN (USERID, RID) 
VALUES (6.0, 8006.0);

INSERT INTO OWN (USERID, RID) 
VALUES (6.0, 8008.0);

INSERT INTO OWN (USERID, RID) 
VALUES (7.0, 8007.0);

INSERT INTO OWN (USERID, RID) 
VALUES (7.0, 8006.0);

INSERT INTO OWN (USERID, RID) 
VALUES (8.0, 8008.0);

INSERT INTO OWN (USERID, RID) 
VALUES (8.0, 8005.0);

INSERT INTO OWN (USERID, RID) 
VALUES (9.0, 8003.0);

INSERT INTO OWN (USERID, RID) 
VALUES (10.0, 8010.0);

INSERT INTO OWN (USERID, RID) 
VALUES (10.0, 8006.0);

INSERT INTO OWN (USERID, RID) 
VALUES (11.0, 8008.0);

INSERT INTO OWN (USERID, RID) 
VALUES (12.0, 8003.0);

INSERT INTO OWN (USERID, RID) 
VALUES (13.0, 8011.0);

INSERT INTO OWN (USERID, RID) 
VALUES (13.0, 8006.0);

INSERT INTO OWN (USERID, RID) 
VALUES (14.0, 8003.0);

INSERT INTO OWN (USERID, RID) 
VALUES (15.0, 8010.0);

INSERT INTO OWN (USERID, RID) 
VALUES (15.0, 8006.0);

INSERT INTO OWN (USERID, RID) 
VALUES (16.0, 8001.0);

INSERT INTO OWN (USERID, RID) 
VALUES (17.0, 8007.0);

INSERT INTO OWN (USERID, RID) 
VALUES (17.0, 8004.0);

INSERT INTO OWN (USERID, RID) 
VALUES (18.0, 8003.0);

INSERT INTO OWN (USERID, RID) 
VALUES (19.0, 8004.0);

INSERT INTO OWN (USERID, RID) 
VALUES (19.0, 8006.0);

INSERT INTO OWN (USERID, RID) 
VALUES (20.0, 8011.0);

INSERT INTO OWN (USERID, RID) 
VALUES (20.0, 8001.0);

INSERT INTO OWN (USERID, RID) 
VALUES (8.0, 8002.0);

INSERT INTO OWN (USERID, RID) 
VALUES (19.0, 8009.0);

INSERT INTO OWN (USERID, RID) 
VALUES (11.0, 8001.0);

INSERT INTO OWN (USERID, RID) 
VALUES (16.0, 8011.0);

INSERT INTO OWN (USERID, RID) 
VALUES (9.0, 8008.0);


SET DEFINE OFF

INSERT INTO JOIN (USERID, GROUPID) 
VALUES (1.0, 56701.0);

INSERT INTO JOIN (USERID, GROUPID) 
VALUES (5.0, 56701.0);

INSERT INTO JOIN (USERID, GROUPID) 
VALUES (9.0, 56701.0);

INSERT INTO JOIN (USERID, GROUPID) 
VALUES (19.0, 56701.0);

INSERT INTO JOIN (USERID, GROUPID) 
VALUES (11.0, 56701.0);

INSERT INTO JOIN (USERID, GROUPID) 
VALUES (16.0, 56701.0);

INSERT INTO JOIN (USERID, GROUPID) 
VALUES (7.0, 56701.0);

INSERT INTO JOIN (USERID, GROUPID) 
VALUES (12.0, 56701.0);

INSERT INTO JOIN (USERID, GROUPID) 
VALUES (15.0, 56701.0);

INSERT INTO JOIN (USERID, GROUPID) 
VALUES (8.0, 56701.0);

INSERT INTO JOIN (USERID, GROUPID) 
VALUES (2.0, 56701.0);

INSERT INTO JOIN (USERID, GROUPID) 
VALUES (13.0, 56701.0);

INSERT INTO JOIN (USERID, GROUPID) 
VALUES (16.0, 56702.0);

INSERT INTO JOIN (USERID, GROUPID) 
VALUES (1.0, 56702.0);

INSERT INTO JOIN (USERID, GROUPID) 
VALUES (17.0, 56702.0);

INSERT INTO JOIN (USERID, GROUPID) 
VALUES (16.0, 56703.0);

INSERT INTO JOIN (USERID, GROUPID) 
VALUES (1.0, 56703.0);

SET DEFINE OFF

INSERT INTO FOLLOW (USERID, COMPANYID) 
VALUES (12.0, 4002.0);

INSERT INTO FOLLOW (USERID, COMPANYID) 
VALUES (17.0, 4004.0);

INSERT INTO FOLLOW (USERID, COMPANYID) 
VALUES (2.0, 4002.0);

INSERT INTO FOLLOW (USERID, COMPANYID) 
VALUES (10.0, 4001.0);

INSERT INTO FOLLOW (USERID, COMPANYID) 
VALUES (4.0, 4002.0);

SET DEFINE OFF

INSERT INTO USERCONNECT (USER1, USER2) 
VALUES (19.0, 12.0);

INSERT INTO USERCONNECT (USER1, USER2) 
VALUES (20.0, 12.0);

INSERT INTO USERCONNECT (USER1, USER2) 
VALUES (19.0, 20.0);

INSERT INTO USERCONNECT (USER1, USER2) 
VALUES (9.0, 3.0);

INSERT INTO USERCONNECT (USER1, USER2) 
VALUES (3.0, 6.0);

INSERT INTO USERCONNECT (USER1, USER2) 
VALUES (1.0, 3.0);

INSERT INTO USERCONNECT (USER1, USER2) 
VALUES (9.0, 7.0);

INSERT INTO USERCONNECT (USER1, USER2) 
VALUES (14.0, 5.0);

INSERT INTO USERCONNECT (USER1, USER2) 
VALUES (16.0, 18.0);

INSERT INTO USERCONNECT (USER1, USER2) 
VALUES (5.0, 20.0);

INSERT INTO USERCONNECT (USER1, USER2) 
VALUES (7.0, 14.0);

INSERT INTO USERCONNECT (USER1, USER2) 
VALUES (7.0, 1.0);

SET DEFINE OFF

INSERT INTO ATTACH (PID, RID) 
VALUES (101.0, 8009.0);

INSERT INTO ATTACH (PID, RID) 
VALUES (103.0, 8001.0);

INSERT INTO ATTACH (PID, RID) 
VALUES (104.0, 8011.0);

INSERT INTO ATTACH (PID, RID) 
VALUES (106.0, 8008.0);








